{"cameraMode":{"drawMode":0,"name":"Shaded","section":"Shading Mode"},"sceneLighting":false,"audioPlay":false,"sceneViewState":{"showFog":true,"showMaterialUpdate":false,"showSkybox":true,"showFlares":true,"showImageEffects":true,"showParticleSystems":true},"in2DMode":false,"pivot":{"x":-0.017570793628692628,"y":0.3338623344898224,"z":0.011257767677307129},"rotation":{"x":-0.02299046702682972,"y":0.8964619040489197,"z":-0.44003844261169436,"w":-0.046837203204631808},"size":1.3250670433044434,"orthographic":false}