{"cameraMode":{"drawMode":0,"name":"Shaded","section":"Shading Mode"},"sceneLighting":false,"audioPlay":false,"sceneViewState":{"showFog":true,"showMaterialUpdate":false,"showSkybox":true,"showFlares":true,"showImageEffects":true,"showParticleSystems":true},"in2DMode":false,"pivot":{"x":-0.05986851453781128,"y":6.429348468780518,"z":-0.49735933542251589},"rotation":{"x":-0.06331755220890045,"y":0.780526340007782,"z":-0.08013566583395004,"w":-0.6167235374450684},"size":21.5132999420166,"orthographic":false}